bezeichnung,erhebungsjahr,raumbezug,zeitfenster,richtung,personen,datentyp,groesse,quelle,pdf_seite,hinweis
Binnenmigration: Wegzug 2023,2023,"innerhalb Senegals","Mai 2018 bis Volkszaehlung 2023",Wegzug,27588,Erhebung,wegzuege_5_jahre,"ANSD, RGPH-5 2023, Kapitel 6 Migrationen",23,"Bestehender Modellwert; keine direkt beobachtete Jahresreihe"
Binnenmigration: Zuzug 2023,2023,"innerhalb Senegals","Mai 2018 bis Volkszaehlung 2023",Zuzug,13645,Erhebung,zuzuege_5_jahre,"ANSD, RGPH-5 2023, Kapitel 6 Migrationen",23,"Zuzug minus Wegzug ergibt laut Quelle -13943"
Binnenmigration: Saldo 2023,2023,"innerhalb Senegals","Mai 2018 bis Volkszaehlung 2023",Saldo,-13943,Abgeleitet,saldo_5_jahre,"ANSD, RGPH-5 2023, Kapitel 6 Migrationen",23,"Zuzug minus Wegzug; Quellenwert"
Binnenmigration: Wegzug 2023,2023,"innerhalb Senegals","Mai 2022 bis Volkszaehlung 2023",Wegzug,25956,Erhebung,wegzuege_5_jahre_2023_alt,"ANSD, RGPH-5 2023, Kapitel 6 Migrationen",26,"Definitiver Migrationsbericht; anderes Fuenfjahresfenster"
Binnenmigration: Zuzug 2023,2023,"innerhalb Senegals","Mai 2022 bis Volkszaehlung 2023",Zuzug,15251,Erhebung,zuzuege_5_jahre_2023_alt,"ANSD, RGPH-5 2023, Kapitel 6 Migrationen",26,"Nicht mit dem anderen Fuenfjahresfenster addieren"
Binnenmigration: Saldo 2023,2023,"innerhalb Senegals","Mai 2022 bis Volkszaehlung 2023",Saldo,-10706,Erhebung,saldo_5_jahre_2023_alt,"ANSD, RGPH-5 2023, Kapitel 6 Migrationen",26,"Quellenwert; rechnerisch ergibt sich -10705"
Binnenmigration: Wegzug Lebenszeit 2023,2023,"innerhalb Senegals","Lebenszeit bis Volkszaehlung 2023",Wegzug,80171,Erhebung,wegzuege_lebenszeit,"ANSD, RGPH-5 2023, Kapitel 6 Migrationen",20,"Bestand nach Geburts- und aktuellem Wohnort; keine Summe aller Umzugsereignisse"
Binnenmigration: Zuzug Lebenszeit 2023,2023,"innerhalb Senegals","Lebenszeit bis Volkszaehlung 2023",Zuzug,31283,Erhebung,zuzuege_lebenszeit,"ANSD, RGPH-5 2023, Kapitel 6 Migrationen",20,"Bestand nach Geburts- und aktuellem Wohnort"
Binnenmigration: Saldo Lebenszeit 2023,2023,"innerhalb Senegals","Lebenszeit bis Volkszaehlung 2023",Saldo,-48888,Abgeleitet,saldo_lebenszeit,"ANSD, RGPH-5 2023, Kapitel 6 Migrationen",20,"Zuzug minus Wegzug"
Internationale Migration: Zuzug 2023,2023,international,"Fuenfjahresbezug",Zuzug,238,Erhebung,zuzuege_international_5_jahre_2023,"ANSD, RGPH-5 2023, Kapitel 6 Migrationen",55,"Internationale Einwanderung"
Internationale Migration: Wegzug 2023,2023,international,"Fuenfjahresbezug",Wegzug,2447,Erhebung,wegzuege_international_5_jahre_2023,"ANSD, RGPH-5 2023, Kapitel 6 Migrationen",55,"Internationale Auswanderung"
Internationale Migration: Saldo 2023,2023,international,"Fuenfjahresbezug",Saldo,-2209,Abgeleitet,saldo_international_5_jahre_2023,"ANSD, RGPH-5 2023, Kapitel 6 Migrationen",55,"Zuzug minus Wegzug"
Internationale Migration: Zuzug 2023,2023,international,"Einjahresbezug",Zuzug,128,Erhebung,zuzuege_international_1_jahr_2023,"ANSD, RGPH-5 2023, Kapitel 6 Migrationen",56,"Geschlechtersumme der Quelle ergibt 127; Gesamtwert 128 beibehalten"
Internationale Migration: Wegzug 2023,2023,international,"Einjahresbezug",Wegzug,742,Erhebung,wegzuege_international_1_jahr_2023,"ANSD, RGPH-5 2023, Kapitel 6 Migrationen",56,"Internationale Auswanderung"
Internationale Migration: Saldo 2023,2023,international,"Einjahresbezug",Saldo,-614,Abgeleitet,saldo_international_1_jahr_2023,"ANSD, RGPH-5 2023, Kapitel 6 Migrationen",56,"Zuzug minus Wegzug"
Binnenmigration: Wegzug Lebenszeit 2013,2013,"innerhalb Senegals","Lebenszeit bis Volkszaehlung 2013",Wegzug,74671,Erhebung,wegzuege_lebenszeit_2013,"ANSD, RGPH-5 2023, Kapitel 6 Migrationen",22,"Vergleichswert aus dem Block RGPHAE 2013"
Binnenmigration: Zuzug Lebenszeit 2013,2013,"innerhalb Senegals","Lebenszeit bis Volkszaehlung 2013",Zuzug,35053,Erhebung,zuzuege_lebenszeit_2013,"ANSD, RGPH-5 2023, Kapitel 6 Migrationen",22,"Vergleichswert aus dem Block RGPHAE 2013"
Binnenmigration: Saldo Lebenszeit 2013,2013,"innerhalb Senegals","Lebenszeit bis Volkszaehlung 2013",Saldo,-39618,Abgeleitet,saldo_lebenszeit_2013,"ANSD, RGPH-5 2023, Kapitel 6 Migrationen",22,"Zuzug minus Wegzug"
Binnenmigration: Wegzug 10 Jahre 2013,2013,"innerhalb Senegals","Zehnjahresbezug",Wegzug,34353,Erhebung,wegzuege_10_jahre_2013,"ANSD, SES Kaffrine 2013, Tab. I.6",28,"Rueckblickendes Erhebungsfenster"
Binnenmigration: Zuzug 10 Jahre 2013,2013,"innerhalb Senegals","Zehnjahresbezug",Zuzug,18588,Erhebung,zuzuege_10_jahre_2013,"ANSD, SES Kaffrine 2013, Tab. I.6",28,"Rueckblickendes Erhebungsfenster"
Binnenmigration: Saldo 10 Jahre 2013,2013,"innerhalb Senegals","Zehnjahresbezug",Saldo,-15765,Abgeleitet,saldo_10_jahre_2013,"ANSD, SES Kaffrine 2013, Tab. I.6",28,"Zuzug minus Wegzug"
Binnenmigration: Wegzug 5 Jahre 2013,2013,"innerhalb Senegals","Fuenfjahresbezug",Wegzug,32829,Erhebung,wegzuege_5_jahre_2013,"ANSD, SES Kaffrine 2013, Tab. I.6",28,"Nicht mit dem 2023er Fuenfjahresfenster gleichsetzen"
Binnenmigration: Zuzug 5 Jahre 2013,2013,"innerhalb Senegals","Fuenfjahresbezug",Zuzug,17048,Erhebung,zuzuege_5_jahre_2013,"ANSD, SES Kaffrine 2013, Tab. I.6",28,"Nicht mit dem 2023er Fuenfjahresfenster gleichsetzen"
Binnenmigration: Saldo 5 Jahre 2013,2013,"innerhalb Senegals","Fuenfjahresbezug",Saldo,-15781,Abgeleitet,saldo_5_jahre_2013,"ANSD, SES Kaffrine 2013, Tab. I.6",28,"Zuzug minus Wegzug"
Binnenmigration: Wegzug 1 Jahr 2013,2013,"innerhalb Senegals","Einjahresbezug",Wegzug,30925,Erhebung,wegzuege_1_jahr_2013,"ANSD, SES Kaffrine 2013, Tab. I.6",28,"Nicht als Jahreszeitreihe interpretieren"
Binnenmigration: Zuzug 1 Jahr 2013,2013,"innerhalb Senegals","Einjahresbezug",Zuzug,10185,Erhebung,zuzuege_1_jahr_2013,"ANSD, SES Kaffrine 2013, Tab. I.6",28,"Nicht als Jahreszeitreihe interpretieren"
Binnenmigration: Saldo 1 Jahr 2013,2013,"innerhalb Senegals","Einjahresbezug",Saldo,-20740,Abgeleitet,saldo_1_jahr_2013,"ANSD, SES Kaffrine 2013, Tab. I.6",28,"Zuzug minus Wegzug"
Internationale Migration: Zuzug 5 Jahre 2013,2013,international,"Fuenfjahresbezug",Zuzug,1318,Erhebung,zuzuege_international_5_jahre_2013,"ANSD, SES Kaffrine 2013, Tab. I.7",29,"Internationale Einwanderung"
Internationale Migration: Wegzug 5 Jahre 2013,2013,international,"Fuenfjahresbezug",Wegzug,1936,Erhebung,wegzuege_international_5_jahre_2013,"ANSD, SES Kaffrine 2013, Tab. I.7",29,"Internationale Auswanderung"
Internationale Migration: Saldo 5 Jahre 2013,2013,international,"Fuenfjahresbezug",Saldo,-618,Abgeleitet,saldo_international_5_jahre_2013,"ANSD, SES Kaffrine 2013, Tab. I.7",29,"Zuzug minus Wegzug"
