jahr,bevoelkerung,quelle,datentyp,gebietsbezug,pdf_seite,hinweis
1976,239282,"ANSD, SES Kaffrine 2017-2018, Tab. II-1",historischer Volkszaehlungswert,"historische Gebietszuordnung; nicht direkt heutige Region",33,"Rueckblickend dargestelltes Vorgaengergebiet"
1988,323029,"ANSD, SES Kaffrine 2017-2018, Tab. II-1",historischer Volkszaehlungswert,"historische Gebietszuordnung; nicht direkt heutige Region",33,"Rueckblickend dargestelltes Vorgaengergebiet"
2002,465671,"ANSD, SES Kaffrine 2013, Tab. I-1",Volkszaehlung,"damaliges Departement Kaffrine",15,"Vorgaengergebiet; Grenzen mit heutiger Region harmonisieren"
2009,540733,"ANSD, SES Kaffrine 2010, Tab. 85",Schaetzung,"Region Kaffrine",76,"Keine Volkszaehlung"
2010,558041,"ANSD, SES Kaffrine 2010, Tab. 3 und 86",Schaetzung,"Region Kaffrine",16,"Keine Volkszaehlung"
2011,572736,"ANSD, SES Kaffrine 2012, Gesundheitskapitel",Referenzwert_eingeschraenkt,"Region Kaffrine unklar",22,"Bevoelkerungsnenner im Gesundheitskapitel; keine sauber beschriftete Demografietabelle"
2012,589418,"ANSD, SES Kaffrine 2012, Demografiekapitel",Schaetzung,"Region Kaffrine",15,"Nicht als reale Abnahme gegenueber 2013 interpretieren"
2013,566992,"ANSD, RGPH-4 2013 (Region Kaffrine)",Volkszaehlung,"Region Kaffrine",15,"Beobachteter Referenzwert"
2017,655121,"ANSD, SES Kaffrine 2017-2018, Tab. II-1",Projektion,"Region Kaffrine",33,"Keine unabhaengige Beobachtung"
2018,678955,"ANSD, SES Kaffrine 2017-2018, Tab. II-1",Projektion,"Region Kaffrine",33,"Keine unabhaengige Beobachtung"
2020,728948,"ANSD, SES Kaffrine 2020-2021, Tab. II-1 und II-3",Projektion,"Region Kaffrine",20,"Keine unabhaengige Beobachtung"
2021,755172,"ANSD, SES Kaffrine 2020-2021, Tab. II-3",Projektion,"Region Kaffrine",22,"Keine unabhaengige Beobachtung"
2022,782273,"ANSD, SES Kaffrine 2022-2023, Gesundheitskapitel",Referenzwert_eingeschraenkt,"Region Kaffrine",65,"Bevoelkerungsnenner aus medizinischer Quelle; kein gesicherter ANSD-Projektionswert"
2023,820405,"ANSD, RGPH-5 2023 (Region Kaffrine)",Volkszaehlung,"Region Kaffrine",17,"P23 nennt als Variantenwert 820404; bestehender RGPH-5-Wert beibehalten"
2024,848581,"ANSD, Projections demographiques 2023-2073",Projektion,"Region Kaffrine",33,"Projektion; Basiswert des Berichts fuer 2023 ist 820404"
2025,878045,"ANSD, Projections demographiques 2023-2073",Projektion,"Region Kaffrine",33,"Projektion"
2026,908865,"ANSD, Projections demographiques 2023-2073",Projektion,"Region Kaffrine",71,"Projektion"
2027,941072,"ANSD, Projections demographiques 2023-2073",Projektion,"Region Kaffrine",71,"Projektion"
2028,974684,"ANSD, Projections demographiques 2023-2073",Projektion,"Region Kaffrine",71,"Projektion"
2029,1009698,"ANSD, Projections demographiques 2023-2073",Projektion,"Region Kaffrine",109,"Projektion"
2030,1046119,"ANSD, Projections demographiques 2023-2073",Projektion,"Region Kaffrine",109,"Projektion"
2031,1083863,"ANSD, Projections demographiques 2023-2073",Projektion,"Region Kaffrine",109,"Projektion"
2032,1122910,"ANSD, Projections demographiques 2023-2073",Projektion,"Region Kaffrine",146,"Projektion"
2033,1163232,"ANSD, Projections demographiques 2023-2073",Projektion,"Region Kaffrine",146,"Projektion"
2034,1204796,"ANSD, Projections demographiques 2023-2073",Projektion,"Region Kaffrine",146,"Projektion"
2035,1247698,"ANSD, Projections demographiques 2023-2073",Projektion,"Region Kaffrine",183,"Projektion"
2036,1291891,"ANSD, Projections demographiques 2023-2073",Projektion,"Region Kaffrine",183,"Projektion"
2037,1337333,"ANSD, Projections demographiques 2023-2073",Projektion,"Region Kaffrine",183,"Projektion"
2038,1383977,"ANSD, Projections demographiques 2023-2073",Projektion,"Region Kaffrine",219,"Projektion"
2039,1431889,"ANSD, Projections demographiques 2023-2073",Projektion,"Region Kaffrine",219,"Projektion"
2040,1481129,"ANSD, Projections demographiques 2023-2073",Projektion,"Region Kaffrine",219,"Projektion"
2041,1531684,"ANSD, Projections demographiques 2023-2073",Projektion,"Region Kaffrine",256,"Projektion"
2042,1583542,"ANSD, Projections demographiques 2023-2073",Projektion,"Region Kaffrine",256,"Projektion"
2043,1636690,"ANSD, Projections demographiques 2023-2073",Projektion,"Region Kaffrine",256,"Projektion"
2044,1691273,"ANSD, Projections demographiques 2023-2073",Projektion,"Region Kaffrine",293,"Projektion"
2045,1747368,"ANSD, Projections demographiques 2023-2073",Projektion,"Region Kaffrine",293,"Projektion"
2046,1805033,"ANSD, Projections demographiques 2023-2073",Projektion,"Region Kaffrine",293,"Projektion"
2047,1864326,"ANSD, Projections demographiques 2023-2073",Projektion,"Region Kaffrine",330,"Projektion"
2048,1925305,"ANSD, Projections demographiques 2023-2073",Projektion,"Region Kaffrine",330,"Projektion"
2049,1988058,"ANSD, Projections demographiques 2023-2073",Projektion,"Region Kaffrine",330,"Projektion"
2050,2052681,"ANSD, Projections demographiques 2023-2073",Projektion,"Region Kaffrine",330,"Projektion"
